"id","name","model_id:id","group_id:id","perm_read","perm_write","perm_create","perm_unlink"
"access_mgmtsystem_system_user","mgmtsystem.system.user","model_mgmtsystem_system","mgmtsystem.group_mgmtsystem_user",1,0,0,0
"access_mgmtsystem_system_viewer","mgmtsystem.system.viewer","model_mgmtsystem_system","mgmtsystem.group_mgmtsystem_viewer",1,0,0,0
"access_mgmtsystem_system_auditor","mgmtsystem.system.auditor","model_mgmtsystem_system","mgmtsystem.group_mgmtsystem_auditor",1,0,0,0
"access_mgmtsystem_system_manager","mgmtsystem.system.manager","model_mgmtsystem_system","mgmtsystem.group_mgmtsystem_manager",1,1,1,1
