"id","name","model_id:id","group_id:id","perm_read","perm_write","perm_create","perm_unlink"
"access_mgmtsystem_nonconformity_user","mgmtsystem.nonconformity.user","model_mgmtsystem_nonconformity","mgmtsystem.group_mgmtsystem_user",1,1,1,0
"access_mgmtsystem_nonconformity_viewer","mgmtsystem.nonconformity.viewer","model_mgmtsystem_nonconformity","mgmtsystem.group_mgmtsystem_viewer",1,0,0,0
"access_mgmtsystem_nonconformity_origin_user","mgmtsystem.nonconformity.origin.user","model_mgmtsystem_nonconformity_origin","mgmtsystem.group_mgmtsystem_user",1,0,0,0
"access_mgmtsystem_nonconformity_origin_viewer","mgmtsystem.nonconformity.origin.viewer","model_mgmtsystem_nonconformity_origin","mgmtsystem.group_mgmtsystem_viewer",1,0,0,0
"access_mgmtsystem_nonconformity_origin_manager","mgmtsystem.nonconformity.origin.manager","model_mgmtsystem_nonconformity_origin","mgmtsystem.group_mgmtsystem_manager",1,1,1,1
"access_mgmtsystem_nonconformity_cause_user","mgmtsystem.nonconformity.cause.user","model_mgmtsystem_nonconformity_cause","mgmtsystem.group_mgmtsystem_user",1,0,0,0
"access_mgmtsystem_nonconformity_cause_viewer","mgmtsystem.nonconformity.cause.viewer","model_mgmtsystem_nonconformity_cause","mgmtsystem.group_mgmtsystem_viewer",1,0,0,0
"access_mgmtsystem_nonconformity_cause_manager","mgmtsystem.nonconformity.cause.manager","model_mgmtsystem_nonconformity_cause","mgmtsystem.group_mgmtsystem_manager",1,1,1,1
"access_mgmtsystem_nonconformity_severity_user","mgmtsystem.nonconformity.severity.user","model_mgmtsystem_nonconformity_severity","mgmtsystem.group_mgmtsystem_user",1,0,0,0
"access_mgmtsystem_nonconformity_severity_viewer","mgmtsystem.nonconformity.severity.viewer","model_mgmtsystem_nonconformity_severity","mgmtsystem.group_mgmtsystem_viewer",1,0,0,0
"access_mgmtsystem_nonconformity_severity_manager","mgmtsystem.nonconformity.severity.manager","model_mgmtsystem_nonconformity_severity","mgmtsystem.group_mgmtsystem_manager",1,1,1,1
"access_mgmtsystem_nonconformity_stage_user","access_mgmtsystem_nonconformity_stage","model_mgmtsystem_nonconformity_stage","mgmtsystem.group_mgmtsystem_user",1,0,0,0
"access_mgmtsystem_nonconformity_stage_viewer","mgmtsystem.nonconformity.stage.viewer","model_mgmtsystem_nonconformity_stage","mgmtsystem.group_mgmtsystem_viewer",1,0,0,0
"access_mgmtsystem_nonconformity_stage_manager","mgmtsystem.nonconformity.stage.manager","model_mgmtsystem_nonconformity_stage","mgmtsystem.group_mgmtsystem_manager",1,1,1,1
